Workbook

Sheet FormulaPolicy
A1: Case | B1: Expression | C1: Value
A2: Unsupported function | B2: VLOOKUP(1,A1:B3,2,FALSE) | C2: =VLOOKUP(1,A1:B3,2,FALSE)
A3: Cross-sheet reference | B3: Sheet2!A1 | C3: =Sheet2!A1
A4: Volatile function | B4: TODAY() | C4: =TODAY()
A5: Array-like range arithmetic | B5: A1:A3+B1:B3 | C5: =A1:A3+B1:B3
A6: Unsupported function | B6: VLOOKUP(1,A1:B3,2,FALSE) | C6: =VLOOKUP(1,A1:B3,2,FALSE)
A7: Cross-sheet reference | B7: Sheet2!A1 | C7: =Sheet2!A1
A8: Volatile function | B8: TODAY() | C8: =TODAY()
A9: Array-like range arithmetic | B9: A1:A3+B1:B3 | C9: =A1:A3+B1:B3
A10: Unsupported function | B10: VLOOKUP(1,A1:B3,2,FALSE) | C10: =VLOOKUP(1,A1:B3,2,FALSE)
A11: Cross-sheet reference | B11: Sheet2!A1 | C11: =Sheet2!A1
A12: Volatile function | B12: TODAY() | C12: =TODAY()
A13: Array-like range arithmetic | B13: A1:A3+B1:B3 | C13: =A1:A3+B1:B3
A14: Unsupported function | B14: VLOOKUP(1,A1:B3,2,FALSE) | C14: =VLOOKUP(1,A1:B3,2,FALSE)
A15: Cross-sheet reference | B15: Sheet2!A1 | C15: =Sheet2!A1
A16: Volatile function | B16: TODAY() | C16: =TODAY()
A17: Array-like range arithmetic | B17: A1:A3+B1:B3 | C17: =A1:A3+B1:B3
A18: Unsupported function | B18: VLOOKUP(1,A1:B3,2,FALSE) | C18: =VLOOKUP(1,A1:B3,2,FALSE)
A19: Cross-sheet reference | B19: Sheet2!A1 | C19: =Sheet2!A1
A20: Volatile function | B20: TODAY() | C20: =TODAY()
A21: Array-like range arithmetic | B21: A1:A3+B1:B3 | C21: =A1:A3+B1:B3
A22: Unsupported function | B22: VLOOKUP(1,A1:B3,2,FALSE) | C22: =VLOOKUP(1,A1:B3,2,FALSE)
A23: Cross-sheet reference | B23: Sheet2!A1 | C23: =Sheet2!A1
A24: Volatile function | B24: TODAY() | C24: =TODAY()
A25: Array-like range arithmetic | B25: A1:A3+B1:B3 | C25: =A1:A3+B1:B3
A26: Unsupported function | B26: VLOOKUP(1,A1:B3,2,FALSE) | C26: =VLOOKUP(1,A1:B3,2,FALSE)
A27: Cross-sheet reference | B27: Sheet2!A1 | C27: =Sheet2!A1
A28: Volatile function | B28: TODAY() | C28: =TODAY()
A29: Array-like range arithmetic | B29: A1:A3+B1:B3 | C29: =A1:A3+B1:B3
A30: Unsupported function | B30: VLOOKUP(1,A1:B3,2,FALSE) | C30: =VLOOKUP(1,A1:B3,2,FALSE)
A31: Cross-sheet reference | B31: Sheet2!A1 | C31: =Sheet2!A1
A32: Volatile function | B32: TODAY() | C32: =TODAY()
A33: Array-like range arithmetic | B33: A1:A3+B1:B3 | C33: =A1:A3+B1:B3
A34: Unsupported function | B34: VLOOKUP(1,A1:B3,2,FALSE) | C34: =VLOOKUP(1,A1:B3,2,FALSE)
A35: Cross-sheet reference | B35: Sheet2!A1 | C35: =Sheet2!A1
A36: Volatile function | B36: TODAY() | C36: =TODAY()
A37: Array-like range arithmetic | B37: A1:A3+B1:B3 | C37: =A1:A3+B1:B3
A38: Unsupported function | B38: VLOOKUP(1,A1:B3,2,FALSE) | C38: =VLOOKUP(1,A1:B3,2,FALSE)
A39: Cross-sheet reference | B39: Sheet2!A1 | C39: =Sheet2!A1
A40: Volatile function | B40: TODAY() | C40: =TODAY()
A41: Array-like range arithmetic | B41: A1:A3+B1:B3 | C41: =A1:A3+B1:B3
A42: Unsupported function | B42: VLOOKUP(1,A1:B3,2,FALSE) | C42: =VLOOKUP(1,A1:B3,2,FALSE)
A43: Cross-sheet reference | B43: Sheet2!A1 | C43: =Sheet2!A1
A44: Volatile function | B44: TODAY() | C44: =TODAY()
A45: Array-like range arithmetic | B45: A1:A3+B1:B3 | C45: =A1:A3+B1:B3
A46: Unsupported function | B46: VLOOKUP(1,A1:B3,2,FALSE) | C46: =VLOOKUP(1,A1:B3,2,FALSE)
A47: Cross-sheet reference | B47: Sheet2!A1 | C47: =Sheet2!A1
A48: Volatile function | B48: TODAY() | C48: =TODAY()
A49: Array-like range arithmetic | B49: A1:A3+B1:B3 | C49: =A1:A3+B1:B3
A50: Unsupported function | B50: VLOOKUP(1,A1:B3,2,FALSE) | C50: =VLOOKUP(1,A1:B3,2,FALSE)
A51: Cross-sheet reference | B51: Sheet2!A1 | C51: =Sheet2!A1
A52: Volatile function | B52: TODAY() | C52: =TODAY()
A53: Array-like range arithmetic | B53: A1:A3+B1:B3 | C53: =A1:A3+B1:B3
A54: Unsupported function | B54: VLOOKUP(1,A1:B3,2,FALSE) | C54: =VLOOKUP(1,A1:B3,2,FALSE)
A55: Cross-sheet reference | B55: Sheet2!A1 | C55: =Sheet2!A1
A56: Volatile function | B56: TODAY() | C56: =TODAY()
A57: Array-like range arithmetic | B57: A1:A3+B1:B3 | C57: =A1:A3+B1:B3
A58: Unsupported function | B58: VLOOKUP(1,A1:B3,2,FALSE) | C58: =VLOOKUP(1,A1:B3,2,FALSE)
A59: Cross-sheet reference | B59: Sheet2!A1 | C59: =Sheet2!A1
A60: Volatile function | B60: TODAY() | C60: =TODAY()
A61: Array-like range arithmetic | B61: A1:A3+B1:B3 | C61: =A1:A3+B1:B3
A62: Unsupported function | B62: VLOOKUP(1,A1:B3,2,FALSE) | C62: =VLOOKUP(1,A1:B3,2,FALSE)
A63: Cross-sheet reference | B63: Sheet2!A1 | C63: =Sheet2!A1
A64: Volatile function | B64: TODAY() | C64: =TODAY()
A65: Array-like range arithmetic | B65: A1:A3+B1:B3 | C65: =A1:A3+B1:B3
A66: Unsupported function | B66: VLOOKUP(1,A1:B3,2,FALSE) | C66: =VLOOKUP(1,A1:B3,2,FALSE)
A67: Cross-sheet reference | B67: Sheet2!A1 | C67: =Sheet2!A1
A68: Volatile function | B68: TODAY() | C68: =TODAY()
A69: Array-like range arithmetic | B69: A1:A3+B1:B3 | C69: =A1:A3+B1:B3
A70: Unsupported function | B70: VLOOKUP(1,A1:B3,2,FALSE) | C70: =VLOOKUP(1,A1:B3,2,FALSE)
A71: Cross-sheet reference | B71: Sheet2!A1 | C71: =Sheet2!A1
A72: Volatile function | B72: TODAY() | C72: =TODAY()
A73: Array-like range arithmetic | B73: A1:A3+B1:B3 | C73: =A1:A3+B1:B3
A74: Unsupported function | B74: VLOOKUP(1,A1:B3,2,FALSE) | C74: =VLOOKUP(1,A1:B3,2,FALSE)
A75: Cross-sheet reference | B75: Sheet2!A1 | C75: =Sheet2!A1
A76: Volatile function | B76: TODAY() | C76: =TODAY()
A77: Array-like range arithmetic | B77: A1:A3+B1:B3 | C77: =A1:A3+B1:B3
A78: Unsupported function | B78: VLOOKUP(1,A1:B3,2,FALSE) | C78: =VLOOKUP(1,A1:B3,2,FALSE)
A79: Cross-sheet reference | B79: Sheet2!A1 | C79: =Sheet2!A1
A80: Volatile function | B80: TODAY() | C80: =TODAY()
A81: Array-like range arithmetic | B81: A1:A3+B1:B3 | C81: =A1:A3+B1:B3
A82: Unsupported function | B82: VLOOKUP(1,A1:B3,2,FALSE) | C82: =VLOOKUP(1,A1:B3,2,FALSE)
A83: Cross-sheet reference | B83: Sheet2!A1 | C83: =Sheet2!A1
A84: Volatile function | B84: TODAY() | C84: =TODAY()
A85: Array-like range arithmetic | B85: A1:A3+B1:B3 | C85: =A1:A3+B1:B3
A86: Unsupported function | B86: VLOOKUP(1,A1:B3,2,FALSE) | C86: =VLOOKUP(1,A1:B3,2,FALSE)
A87: Cross-sheet reference | B87: Sheet2!A1 | C87: =Sheet2!A1
A88: Volatile function | B88: TODAY() | C88: =TODAY()
A89: Array-like range arithmetic | B89: A1:A3+B1:B3 | C89: =A1:A3+B1:B3
A90: Unsupported function | B90: VLOOKUP(1,A1:B3,2,FALSE) | C90: =VLOOKUP(1,A1:B3,2,FALSE)
A91: Cross-sheet reference | B91: Sheet2!A1 | C91: =Sheet2!A1
A92: Volatile function | B92: TODAY() | C92: =TODAY()
A93: Array-like range arithmetic | B93: A1:A3+B1:B3 | C93: =A1:A3+B1:B3
A94: Unsupported function | B94: VLOOKUP(1,A1:B3,2,FALSE) | C94: =VLOOKUP(1,A1:B3,2,FALSE)
A95: Cross-sheet reference | B95: Sheet2!A1 | C95: =Sheet2!A1
A96: Volatile function | B96: TODAY() | C96: =TODAY()
A97: Array-like range arithmetic | B97: A1:A3+B1:B3 | C97: =A1:A3+B1:B3
A98: Unsupported function | B98: VLOOKUP(1,A1:B3,2,FALSE) | C98: =VLOOKUP(1,A1:B3,2,FALSE)
A99: Cross-sheet reference | B99: Sheet2!A1 | C99: =Sheet2!A1
A100: Volatile function | B100: TODAY() | C100: =TODAY()
...
